[{"model": "app01.interestgroup", "pk": 1, "fields": {"name": "Dancing"}}, {"model": "app01.interestgroup", "pk": 2, "fields": {"name": "Dancing2"}}, {"model": "app01.role", "pk": 1, "fields": {"name": 0}}, {"model": "app01.role", "pk": 2, "fields": {"name": 1}}, {"model": "app01.role", "pk": 3, "fields": {"name": 2}}, {"model": "app01.role", "pk": 4, "fields": {"name": 3}}, {"model": "app01.role", "pk": 5, "fields": {"name": 4}}, {"model": "app01.membership", "pk": 1, "fields": {"name": "W", "description": null, "start_points": 0, "renewal_points": 0, "complimentary_m_drink_points": null, "state": 1, "complimentary_vouchers": [1], "birthday_vouchers": [1]}}, {"model": "app01.membership", "pk": 2, "fields": {"name": "C", "description": null, "start_points": 40, "renewal_points": 40, "complimentary_m_drink_points": 40.0, "state": 1, "complimentary_vouchers": [], "birthday_vouchers": []}}, {"model": "app01.membership", "pk": 3, "fields": {"name": "P", "description": null, "start_points": 200, "renewal_points": 200, "complimentary_m_drink_points": 35.0, "state": 1, "complimentary_vouchers": [], "birthday_vouchers": []}}, {"model": "app01.member", "pk": 1, "fields": {"mobile_no": "root", "registration_date": "2018-05-31T16:00:00Z", "username": "root", "password": "root1234", "last_login": null, "role": 1, "membership": 1, "last_purchase_date": null, "name": null, "points_bal": 4.0, "total_points": 20.0, "dob": null, "telephone": null, "race": null, "email": null, "interestGroups": []}}, {"model": "app01.member", "pk": 2, "fields": {"mobile_no": "pos", "registration_date": "2018-05-31T16:00:00Z", "username": "pos", "password": "root1234", "last_login": null, "role": 2, "membership": 2, "last_purchase_date": "2018-07-19", "name": null, "points_bal": 105.0, "total_points": 125.0, "dob": null, "telephone": null, "race": null, "email": null, "interestGroups": []}}, {"model": "app01.member", "pk": 3, "fields": {"mobile_no": "member01", "registration_date": "2018-05-31T16:00:00Z", "username": "member01", "password": "root1234", "last_login": null, "role": 3, "membership": 1, "last_purchase_date": null, "name": null, "points_bal": 0.0, "total_points": 0.0, "dob": null, "telephone": null, "race": null, "email": null, "interestGroups": []}}, {"model": "app01.member", "pk": 4, "fields": {"mobile_no": "app", "registration_date": "2018-05-31T16:00:00Z", "username": "app", "password": "root1234", "last_login": null, "role": 5, "membership": 1, "last_purchase_date": null, "name": null, "points_bal": 0.0, "total_points": 0.0, "dob": null, "telephone": null, "race": null, "email": null, "interestGroups": []}}, {"model": "app01.member", "pk": 5, "fields": {"mobile_no": "1", "registration_date": "2018-06-28T10:25:12.288Z", "username": "1", "password": "pbkdf2_sha256$100000$li6rb36QHjwa$jfVBP6IdU6F2vJvm9962TnOuaaR2MOKsgcK4w7N+cfQ=", "last_login": null, "role": 3, "membership": 1, "last_purchase_date": null, "name": null, "points_bal": 6.0, "total_points": 0.0, "dob": null, "telephone": null, "race": null, "email": "a@simple.com", "interestGroups": [1]}}, {"model": "app01.member", "pk": 6, "fields": {"mobile_no": "12", "registration_date": "2018-07-05T10:48:48.351Z", "username": "12", "password": "pbkdf2_sha256$100000$RZA4m6un6Fzy$7+IyNu1Q51dKWZHH4OCI7se7/mjo+tM/iwNPNcg3ooM=", "last_login": null, "role": 3, "membership": 1, "last_purchase_date": null, "name": null, "points_bal": 0.0, "total_points": 0.0, "dob": null, "telephone": null, "race": null, "email": null, "interestGroups": []}}, {"model": "app01.member", "pk": 7, "fields": {"mobile_no": "122", "registration_date": "2018-07-05T10:49:17.687Z", "username": "122", "password": "pbkdf2_sha256$100000$0wDRHlNs1P0H$EDHMbjUqytQDNBAImwsVJAFsdxq6mte1VUn0SIxD3Z8=", "last_login": null, "role": 3, "membership": 1, "last_purchase_date": null, "name": null, "points_bal": 0.0, "total_points": 0.0, "dob": null, "telephone": null, "race": null, "email": null, "interestGroups": []}}, {"model": "app01.member", "pk": 8, "fields": {"mobile_no": "a1", "registration_date": "2018-06-28T10:25:12.288Z", "username": "a1", "password": "pbkdf2_sha256$100000$A3iFDPRmMj97$61g8j5bYBLFlQ/Vo/TPxxMx6+lSMW168Vd2Ag40R3ZQ=", "last_login": null, "role": 3, "membership": 3, "last_purchase_date": null, "name": "member1", "points_bal": 200.0, "total_points": 200.0, "dob": "1990-07-01", "telephone": "a1", "race": null, "email": "a1@simple.com", "interestGroups": [1]}}, {"model": "app01.member", "pk": 9, "fields": {"mobile_no": "a2", "registration_date": "2018-07-08T10:25:12.288Z", "username": "a2", "password": "pbkdf2_sha256$100000$KxHgOZFRkDd4$UulON04rWLFaV3cdV4o0KKNFmjrpOjc40mCGe0x2SPA=", "last_login": null, "role": 3, "membership": 1, "last_purchase_date": null, "name": "member2", "points_bal": 0.0, "total_points": 0.0, "dob": "1990-08-01", "telephone": "a2", "race": null, "email": "a2@simple.com", "interestGroups": [1, 2]}}, {"model": "app01.member", "pk": 10, "fields": {"mobile_no": "a3", "registration_date": "2018-07-08T10:25:12.288Z", "username": "a3", "password": "a3", "last_login": null, "role": 3, "membership": 1, "last_purchase_date": null, "name": "member3", "points_bal": 0.0, "total_points": 0.0, "dob": "1990-08-01", "telephone": "a3", "race": null, "email": "a3@simple.com", "interestGroups": []}}, {"model": "app01.member", "pk": 11, "fields": {"mobile_no": "a4", "registration_date": "2018-07-08T10:25:12.288Z", "username": "a4", "password": "pbkdf2_sha256$100000$WbCu34BAXRmu$E3fe/OZbEsSU2+HdoOjK4t62sonyFeHRkLkRrtPj2i8=", "last_login": null, "role": 3, "membership": 1, "last_purchase_date": null, "name": "member4", "points_bal": 0.0, "total_points": 0.0, "dob": "1990-08-01", "telephone": "a4", "race": null, "email": "a4@simple.com", "interestGroups": [1, 2]}}, {"model": "app01.member", "pk": 12, "fields": {"mobile_no": "123", "registration_date": "2018-07-08T04:37:28.095Z", "username": "123", "password": "pbkdf2_sha256$100000$FX1UG6rOkv1e$0POefnLnDNVx5iDYnXImnljyZ1jPWfv8aSwmkNwkyB8=", "last_login": null, "role": 3, "membership": 1, "last_purchase_date": null, "name": null, "points_bal": 0.0, "total_points": 0.0, "dob": null, "telephone": null, "race": null, "email": null, "interestGroups": []}}, {"model": "app01.member", "pk": 13, "fields": {"mobile_no": "1234", "registration_date": "2018-07-09T02:40:59.749Z", "username": "1234", "password": "pbkdf2_sha256$100000$RUav7xjsYb3X$976BlyA6+KE44amuJSmSqW01OMhXNSdjbdRUU96otlE=", "last_login": null, "role": 3, "membership": 1, "last_purchase_date": null, "name": null, "points_bal": 0.0, "total_points": 0.0, "dob": null, "telephone": null, "race": null, "email": null, "interestGroups": []}}, {"model": "app01.member", "pk": 14, "fields": {"mobile_no": "a5", "registration_date": "2018-07-08T10:25:12.288Z", "username": "a5", "password": "pbkdf2_sha256$100000$BBtziptvm2GP$FgSStei7UFKs8R0KLlGi1vNsoyCIGSuO080ztLfC3CU=", "last_login": null, "role": 3, "membership": 1, "last_purchase_date": null, "name": "member4", "points_bal": 0.0, "total_points": 0.0, "dob": "1990-08-01", "telephone": "a4", "race": null, "email": "a4@simple.com", "interestGroups": [1, 2]}}, {"model": "app01.member", "pk": 15, "fields": {"mobile_no": "a6", "registration_date": "2018-07-08T10:25:12.288Z", "username": "a6", "password": "pbkdf2_sha256$100000$vSlKPRixP7Q8$cd/V7TBA4IomAA2AiyTOTJGveD5ESRsr76jaNcWhHvg=", "last_login": null, "role": 3, "membership": 1, "last_purchase_date": null, "name": "member4", "points_bal": 0.0, "total_points": 0.0, "dob": "1990-08-01", "telephone": "a4", "race": null, "email": "a4@simple.com", "interestGroups": [1, 2]}}, {"model": "app01.member", "pk": 16, "fields": {"mobile_no": "11", "registration_date": "2018-07-10T11:03:43.828Z", "username": "11", "password": "pbkdf2_sha256$100000$xiWadqFHhyge$gq/OBcVloT1ACwqi4vjFsbxYDrD05LiBoTrnU8rn5K8=", "last_login": null, "role": 3, "membership": 1, "last_purchase_date": null, "name": null, "points_bal": 0.0, "total_points": 0.0, "dob": null, "telephone": null, "race": null, "email": null, "interestGroups": []}}, {"model": "app01.membership_member", "pk": 1, "fields": {"member": 5, "membership": 1, "effective_date": "2018-07-05T09:21:47.433Z", "expiring_date": "2019-07-05T09:21:47.433Z", "status": 0}}, {"model": "app01.membership_member", "pk": 2, "fields": {"member": 2, "membership": 2, "effective_date": "2018-07-06T08:10:07.794Z", "expiring_date": "2019-07-06T08:10:07.794Z", "status": 0}}, {"model": "app01.membership_member", "pk": 3, "fields": {"member": 8, "membership": 1, "effective_date": "2018-07-07T05:46:53.473Z", "expiring_date": "2019-07-07T05:46:53.473Z", "status": 1}}, {"model": "app01.membership_member", "pk": 4, "fields": {"member": 8, "membership": 2, "effective_date": "2018-07-07T05:47:24.792Z", "expiring_date": "2019-07-07T05:47:24.792Z", "status": 1}}, {"model": "app01.membership_member", "pk": 5, "fields": {"member": 8, "membership": 3, "effective_date": "2018-07-07T05:49:30.833Z", "expiring_date": "2019-07-07T05:49:30.833Z", "status": 0}}, {"model": "app01.membership_member", "pk": 6, "fields": {"member": 9, "membership": 1, "effective_date": "2018-07-07T08:15:19.866Z", "expiring_date": "2019-07-07T08:15:19.866Z", "status": 1}}, {"model": "app01.membership_member", "pk": 7, "fields": {"member": 9, "membership": 1, "effective_date": "2018-07-07T08:16:52.198Z", "expiring_date": "2019-07-07T08:16:52.198Z", "status": 1}}, {"model": "app01.membership_member", "pk": 8, "fields": {"member": 9, "membership": 1, "effective_date": "2018-07-07T08:17:12.075Z", "expiring_date": "2019-07-07T08:17:12.075Z", "status": 0}}, {"model": "app01.membership_member", "pk": 9, "fields": {"member": 11, "membership": 1, "effective_date": "2018-07-07T08:30:39.462Z", "expiring_date": "2019-07-07T08:30:39.462Z", "status": 0}}, {"model": "app01.membership_member", "pk": 10, "fields": {"member": 14, "membership": 1, "effective_date": "2018-07-09T10:58:57.064Z", "expiring_date": "2019-07-09T10:58:57.064Z", "status": 0}}, {"model": "app01.membership_member", "pk": 11, "fields": {"member": 15, "membership": 1, "effective_date": "2018-07-09T10:59:29.960Z", "expiring_date": "2019-07-09T10:59:29.960Z", "status": 0}}, {"model": "app01.card", "pk": 1, "fields": {"card_no": "1", "member": 1, "printed_name": null, "membership_type_code": null, "membership_status_code": null, "membership_photo": null, "issue_date": null, "effective_date": null, "expiry_date": null, "printed": null, "printed_date": null, "renewed_date": null, "tmp_effective_date": null, "tmp_expiry_date": null, "tmp_membership_status_code": null, "points_bal": 0.0, "total_points_bal": 0.0, "holding_points": 0.0, "remarks": null, "membership_discount": 0.0, "tier_code": null, "tier_anniversary_start_date": null, "tier_anniversary_end_date": null, "loyalty_message": null, "dollar_to_points_ratio": 0.0, "is_supplementary": null, "is_burn_supplementary": null, "relation_id": null, "primary_card_no": null, "primary_relation_id": null, "primary_card_expiry_date": null, "primary_card_effective_date": null, "pts_holding_days": null, "current_net_spent": 0.0, "pass_code": null, "stored_value_balance": 0.0, "currency": null, "last_visited_date": null, "last_visited_outlet": null, "points_to_next_tier": 0.0, "nett_to_next_tier": 0.0, "lucky_draw_conversion_pts_usage_type": null, "lucky_draw_conversion_rate": null, "spent_quota_increasement": 0.0, "spent_quota_increasement_expired_on": null, "pickup_date": null, "pickup_by": null, "current_rcnett_spent": null, "cmc_earned_points": 0.0, "crc_earned_points": null, "current_tier_nett": 0.0, "current_tier_amt": 0.0, "bring_fwd_tier_nett": 0.0, "bring_fwd_tier_amt": 0.0, "bring_fwd_tier_expiry": null, "bring_fwd_tier_start_date": null, "extended_tier_anniversary_end_date": null}}, {"model": "app01.card", "pk": 2, "fields": {"card_no": "2", "member": 2, "printed_name": null, "membership_type_code": null, "membership_status_code": null, "membership_photo": null, "issue_date": null, "effective_date": null, "expiry_date": null, "printed": null, "printed_date": null, "renewed_date": null, "tmp_effective_date": null, "tmp_expiry_date": null, "tmp_membership_status_code": null, "points_bal": 0.0, "total_points_bal": 0.0, "holding_points": 0.0, "remarks": null, "membership_discount": 0.0, "tier_code": null, "tier_anniversary_start_date": null, "tier_anniversary_end_date": null, "loyalty_message": null, "dollar_to_points_ratio": 0.0, "is_supplementary": null, "is_burn_supplementary": null, "relation_id": null, "primary_card_no": null, "primary_relation_id": null, "primary_card_expiry_date": null, "primary_card_effective_date": null, "pts_holding_days": null, "current_net_spent": 0.0, "pass_code": null, "stored_value_balance": 0.0, "currency": null, "last_visited_date": null, "last_visited_outlet": null, "points_to_next_tier": 0.0, "nett_to_next_tier": 0.0, "lucky_draw_conversion_pts_usage_type": null, "lucky_draw_conversion_rate": null, "spent_quota_increasement": 0.0, "spent_quota_increasement_expired_on": null, "pickup_date": null, "pickup_by": null, "current_rcnett_spent": null, "cmc_earned_points": 0.0, "crc_earned_points": null, "current_tier_nett": 0.0, "current_tier_amt": 0.0, "bring_fwd_tier_nett": 0.0, "bring_fwd_tier_amt": 0.0, "bring_fwd_tier_expiry": null, "bring_fwd_tier_start_date": null, "extended_tier_anniversary_end_date": null}}, {"model": "app01.occupation", "pk": 1, "fields": {"name": "students"}}, {"model": "app01.occupation", "pk": 2, "fields": {"name": "teachers"}}, {"model": "app01.occupation", "pk": 3, "fields": {"name": "moms"}}, {"model": "app01.occupation", "pk": 4, "fields": {"name": "dads"}}, {"model": "app01.occupation", "pk": 5, "fields": {"name": "cleaners"}}, {"model": "app01.occupation", "pk": 6, "fields": {"name": "nurses"}}, {"model": "app01.campaigncondition", "pk": 1, "fields": {"campaign": 1, "every_spent": 10.0, "every_top_up": 1.0, "every_use_points": 12.0, "every_purchase_points": 12.0, "online_actions": null, "every_customers": 100, "ordering_modes": "[\"0\", \"1\"]", "payment_modes": "[\"0\", \"1\"]", "other_actions": null, "limit_redemption": null, "every_purchase_m_drinks_flavors": [1], "every_purchase_l_drinks_flavors": [1], "every_purchase_products": [1]}}, {"model": "app01.campaigncondition", "pk": 2, "fields": {"campaign": 1, "every_spent": 10.0, "every_top_up": 1.0, "every_use_points": 12.0, "every_purchase_points": 12.0, "online_actions": null, "every_customers": 100, "ordering_modes": "[\"0\", \"1\"]", "payment_modes": "[\"0\", \"1\"]", "other_actions": null, "limit_redemption": null, "every_purchase_m_drinks_flavors": [1], "every_purchase_l_drinks_flavors": [1], "every_purchase_products": [1]}}, {"model": "app01.campaign", "pk": 1, "fields": {"name": "test campaign1", "description": null, "gender": "[\"1\"]", "min_age": 1, "max_age": 22, "repetition_periods": "[\"0\"]", "days_of_month": null, "effective_date": "2018-01-01", "expiring_date": "2019-05-31", "every_1_dollar_bouns_points": null, "event_venue": "any", "state": 2, "occupations": [1], "memberships": [1, 2, 3], "outlets": [1]}}, {"model": "app01.campaign", "pk": 2, "fields": {"name": "test campaign2", "description": null, "gender": "[\"0\"]", "min_age": 1, "max_age": 22, "repetition_periods": "[\"0\"]", "days_of_month": null, "effective_date": "2018-05-31", "expiring_date": "2019-05-31", "every_1_dollar_bouns_points": null, "event_venue": "any", "state": 2, "occupations": [1], "memberships": [1, 2, 3], "outlets": [1]}}, {"model": "app01.campaigntype", "pk": 1, "fields": {"campaign": 1, "first_discount_per": 0.2, "last_discount_per": null, "first_discount_price": null, "last_discount_price": 11.0, "bouns_points": 1.0, "top_up_money": 100.0, "upgrade_membership": null, "campaign_condition": 1, "free_vouchers": [1]}}, {"model": "app01.campaigntype", "pk": 2, "fields": {"campaign": 1, "first_discount_per": 0.2, "last_discount_per": null, "first_discount_price": null, "last_discount_price": 11.0, "bouns_points": 1.0, "top_up_money": 100.0, "upgrade_membership": 1, "campaign_condition": 2, "free_vouchers": [1]}}, {"model": "app01.outlet", "pk": 1, "fields": {"outlet_name": "test outlet1", "outlet_code": "test_outlet_code1", "outlet_manager": "jack1", "outlet_district": "district1", "outlet_floor_area": 101.0, "outlet_address": "address1"}}, {"model": "app01.outlet", "pk": 2, "fields": {"outlet_name": "test outlet2", "outlet_code": "test_outlet_code2", "outlet_manager": "jack2", "outlet_district": "district2", "outlet_floor_area": 102.0, "outlet_address": "address2"}}, {"model": "app01.category", "pk": 1, "fields": {"name": "test category1", "category_code": "001", "description": null}}, {"model": "app01.category", "pk": 2, "fields": {"name": "test category2", "category_code": "002", "description": null}}, {"model": "app01.category", "pk": 3, "fields": {"name": "test category3", "category_code": "003", "description": null}}, {"model": "app01.category", "pk": 4, "fields": {"name": "test category4", "category_code": "004", "description": null}}, {"model": "app01.category", "pk": 5, "fields": {"name": "test category5", "category_code": "005", "description": null}}, {"model": "app01.category", "pk": 6, "fields": {"name": "test category6", "category_code": "006", "description": null}}, {"model": "app01.category", "pk": 7, "fields": {"name": "test category7", "category_code": "007", "description": null}}, {"model": "app01.product", "pk": 1, "fields": {"name": "test product1", "description": null, "price": 11.11, "tea_base": null, "item_code": "001", "category": 1, "created": "2018-05-31T16:00:00Z"}}, {"model": "app01.product", "pk": 2, "fields": {"name": "test product2", "description": null, "price": 11.11, "tea_base": null, "item_code": "002", "category": 2, "created": "2018-05-31T16:00:00Z"}}, {"model": "app01.product", "pk": 3, "fields": {"name": "test product3", "description": null, "price": 11.11, "tea_base": null, "item_code": "003", "category": 3, "created": "2018-05-31T16:00:00Z"}}, {"model": "app01.product", "pk": 4, "fields": {"name": "test product4", "description": null, "price": 22.11, "tea_base": null, "item_code": "004", "category": 4, "created": "2018-05-31T16:00:00Z"}}, {"model": "app01.product", "pk": 5, "fields": {"name": "test product5", "description": null, "price": 33.11, "tea_base": null, "item_code": "005", "category": 5, "created": "2018-05-31T16:00:00Z"}}, {"model": "app01.product", "pk": 6, "fields": {"name": "test product6", "description": null, "price": 44.11, "tea_base": "green tea", "item_code": "006", "category": 6, "created": "2018-05-31T16:00:00Z"}}, {"model": "app01.product", "pk": 7, "fields": {"name": "test product7", "description": null, "price": 55.11, "tea_base": "green tea", "item_code": "007", "category": 7, "created": "2018-05-31T16:00:00Z"}}, {"model": "app01.toppings", "pk": 1, "fields": {"name": "test toppings1", "description": null, "price": 11.11}}, {"model": "app01.toppings", "pk": 2, "fields": {"name": "test toppings3", "description": null, "price": 11.11}}, {"model": "app01.voucher", "pk": 1, "fields": {"name": "test voucher1", "type": 0, "description": null, "voucher_code": "mother's day-00001", "effective_date": "2018-01-10", "expiring_date": "2019-11-11", "redemption_points": 10.0, "toppings_number": 1, "product_size": "[\"0\"]", "product_number": 1, "number_purchase": 1, "number_complimentary_drinks": 1, "state": 2, "exclusive_new_members": false, "exclusive_non_members": false, "redemption_per": 10, "limit_first_redemption": 10, "other_limits": "[\"0\", \"1\"]", "redemption_toppings": [1], "redemption_products": [1], "size_upgrade_unparticipated_products": [1], "discount_per_unparticipated_products": [1], "discount_price_unparticipated_products": [1], "unparticipated_outlets": [1], "limit_memberships": [1]}}, {"model": "app01.voucher_member", "pk": 1, "fields": {"voucher": 1, "member": 1, "status": 1, "created": "2018-07-06T07:24:28.046Z"}}, {"model": "app01.voucher_member", "pk": 2, "fields": {"voucher": 1, "member": 1, "status": 1, "created": "2018-07-06T07:25:22.830Z"}}, {"model": "app01.voucher_member", "pk": 3, "fields": {"voucher": 1, "member": 1, "status": 1, "created": "2018-07-06T07:37:20.344Z"}}, {"model": "app01.voucher_member", "pk": 4, "fields": {"voucher": 1, "member": 1, "status": 1, "created": "2018-07-06T07:38:57.522Z"}}, {"model": "app01.voucher_member", "pk": 5, "fields": {"voucher": 1, "member": 2, "status": 1, "created": "2018-07-06T08:10:07.817Z"}}, {"model": "app01.voucher_member", "pk": 6, "fields": {"voucher": 1, "member": 2, "status": 1, "created": "2018-07-07T05:15:23.909Z"}}, {"model": "app01.voucher_member", "pk": 7, "fields": {"voucher": 1, "member": 8, "status": 0, "created": "2018-07-07T05:47:24.805Z"}}, {"model": "app01.voucher_member", "pk": 8, "fields": {"voucher": 1, "member": 8, "status": 0, "created": "2018-07-07T05:49:30.851Z"}}, {"model": "app01.voucher_member", "pk": 9, "fields": {"voucher": 1, "member": 2, "status": 1, "created": "2018-07-07T06:57:43.399Z"}}, {"model": "app01.voucher_member", "pk": 10, "fields": {"voucher": 1, "member": 2, "status": 1, "created": "2018-07-07T12:00:42.331Z"}}, {"model": "app01.voucher_member", "pk": 11, "fields": {"voucher": 1, "member": 2, "status": 1, "created": "2018-07-07T13:01:25.536Z"}}, {"model": "app01.voucher_member", "pk": 12, "fields": {"voucher": 1, "member": 16, "status": 0, "created": "2018-07-10T11:03:44.449Z"}}, {"model": "app01.voucher_member", "pk": 13, "fields": {"voucher": 1, "member": 2, "status": 0, "created": "2018-07-12T08:50:51.986Z"}}, {"model": "app01.points_member", "pk": 1, "fields": {"member": 5, "points_number": 3.0, "method": 1, "campaigntype": null, "created": "2018-07-05T09:29:22.608Z"}}, {"model": "app01.points_member", "pk": 2, "fields": {"member": 5, "points_number": 3.0, "method": 0, "campaigntype": null, "created": "2018-07-05T09:29:22.621Z"}}, {"model": "app01.points_member", "pk": 3, "fields": {"member": 1, "points_number": 5.0, "method": 2, "campaigntype": 1, "created": "2018-07-06T07:24:28.062Z"}}, {"model": "app01.points_member", "pk": 4, "fields": {"member": 1, "points_number": -4.0, "method": 3, "campaigntype": 1, "created": "2018-07-06T07:24:28.076Z"}}, {"model": "app01.points_member", "pk": 5, "fields": {"member": 1, "points_number": 5.0, "method": 2, "campaigntype": 1, "created": "2018-07-06T07:25:22.842Z"}}, {"model": "app01.points_member", "pk": 6, "fields": {"member": 1, "points_number": -4.0, "method": 3, "campaigntype": 1, "created": "2018-07-06T07:25:22.854Z"}}, {"model": "app01.points_member", "pk": 7, "fields": {"member": 1, "points_number": 5.0, "method": 2, "campaigntype": 1, "created": "2018-07-06T07:37:20.358Z"}}, {"model": "app01.points_member", "pk": 8, "fields": {"member": 1, "points_number": -4.0, "method": 3, "campaigntype": 1, "created": "2018-07-06T07:37:20.369Z"}}, {"model": "app01.points_member", "pk": 9, "fields": {"member": 1, "points_number": 5.0, "method": 2, "campaigntype": 1, "created": "2018-07-06T07:38:57.536Z"}}, {"model": "app01.points_member", "pk": 10, "fields": {"member": 1, "points_number": -4.0, "method": 3, "campaigntype": 1, "created": "2018-07-06T07:38:57.547Z"}}, {"model": "app01.points_member", "pk": 11, "fields": {"member": 2, "points_number": 100.0, "method": 2, "campaigntype": 1, "created": "2018-07-06T08:10:07.783Z"}}, {"model": "app01.points_member", "pk": 12, "fields": {"member": 2, "points_number": 5.0, "method": 2, "campaigntype": 1, "created": "2018-07-07T05:15:23.920Z"}}, {"model": "app01.points_member", "pk": 13, "fields": {"member": 2, "points_number": -4.0, "method": 3, "campaigntype": 1, "created": "2018-07-07T05:15:23.932Z"}}, {"model": "app01.points_member", "pk": 14, "fields": {"member": 8, "points_number": 100.0, "method": 2, "campaigntype": 1, "created": "2018-07-07T05:47:24.784Z"}}, {"model": "app01.points_member", "pk": 15, "fields": {"member": 8, "points_number": 100.0, "method": 2, "campaigntype": 1, "created": "2018-07-07T05:49:30.823Z"}}, {"model": "app01.points_member", "pk": 16, "fields": {"member": 2, "points_number": 5.0, "method": 2, "campaigntype": 1, "created": "2018-07-07T06:57:43.412Z"}}, {"model": "app01.points_member", "pk": 17, "fields": {"member": 2, "points_number": -4.0, "method": 3, "campaigntype": 1, "created": "2018-07-07T06:57:43.424Z"}}, {"model": "app01.points_member", "pk": 18, "fields": {"member": 2, "points_number": 5.0, "method": 2, "campaigntype": 1, "created": "2018-07-07T12:00:42.350Z"}}, {"model": "app01.points_member", "pk": 19, "fields": {"member": 2, "points_number": -4.0, "method": 3, "campaigntype": 1, "created": "2018-07-07T12:00:42.371Z"}}, {"model": "app01.points_member", "pk": 20, "fields": {"member": 2, "points_number": 5.0, "method": 2, "campaigntype": 1, "created": "2018-07-07T13:01:25.551Z"}}, {"model": "app01.points_member", "pk": 21, "fields": {"member": 2, "points_number": -4.0, "method": 3, "campaigntype": 1, "created": "2018-07-07T13:01:25.563Z"}}, {"model": "app01.points_member", "pk": 22, "fields": {"member": 2, "points_number": 5.0, "method": 2, "campaigntype": 1, "created": "2018-07-12T08:50:52.006Z"}}, {"model": "app01.points_member", "pk": 23, "fields": {"member": 2, "points_number": -4.0, "method": 3, "campaigntype": 1, "created": "2018-07-12T08:50:52.025Z"}}, {"model": "app01.transaction", "pk": 1, "fields": {"member": 1, "outlet": 2, "reward_points": 5.0, "redeemed_points": 4.0, "ordering_modes": 0, "payment_modes": 1, "pos_no": "0001", "cashier_no": "0001", "receipt_no": "0001", "transact_datetime": "2018-07-02T04:00:00Z", "total_money": 11.0, "remark": null, "campaigns": [1], "campaigntypes": [1], "reward_vouchers": [1], "redeemed_vouchers": [1]}}, {"model": "app01.transaction", "pk": 2, "fields": {"member": 1, "outlet": 1, "reward_points": 5.0, "redeemed_points": 4.0, "ordering_modes": 0, "payment_modes": 1, "pos_no": "0001", "cashier_no": "0001", "receipt_no": "0001", "transact_datetime": "2018-07-02T04:00:00Z", "total_money": 11.0, "remark": null, "campaigns": [1], "campaigntypes": [1], "reward_vouchers": [1], "redeemed_vouchers": [1]}}, {"model": "app01.transaction", "pk": 3, "fields": {"member": 1, "outlet": 1, "reward_points": 5.0, "redeemed_points": 4.0, "ordering_modes": 0, "payment_modes": 1, "pos_no": "0001", "cashier_no": "0001", "receipt_no": "0001", "transact_datetime": "2018-07-02T04:00:00Z", "total_money": 11.0, "remark": null, "campaigns": [1], "campaigntypes": [1], "reward_vouchers": [1], "redeemed_vouchers": [1]}}, {"model": "app01.transaction", "pk": 4, "fields": {"member": 1, "outlet": 2, "reward_points": 5.0, "redeemed_points": 4.0, "ordering_modes": 0, "payment_modes": 1, "pos_no": "0001", "cashier_no": "0001", "receipt_no": "0001", "transact_datetime": "2018-07-02T04:00:00Z", "total_money": 11.0, "remark": null, "campaigns": [1], "campaigntypes": [1], "reward_vouchers": [1], "redeemed_vouchers": [1]}}, {"model": "app01.transaction", "pk": 5, "fields": {"member": 2, "outlet": 1, "reward_points": 5.0, "redeemed_points": 4.0, "ordering_modes": 0, "payment_modes": 1, "pos_no": "0001", "cashier_no": "0001", "receipt_no": "0001", "transact_datetime": "2018-07-07T04:00:00Z", "total_money": 11.0, "remark": null, "campaigns": [1], "campaigntypes": [1], "reward_vouchers": [1], "redeemed_vouchers": [1]}}, {"model": "app01.transaction", "pk": 6, "fields": {"member": 2, "outlet": 1, "reward_points": 5.0, "redeemed_points": 4.0, "ordering_modes": 0, "payment_modes": 1, "pos_no": "0001", "cashier_no": "0001", "receipt_no": "0001", "transact_datetime": "2018-07-07T04:00:00Z", "total_money": 11.0, "remark": null, "campaigns": [1], "campaigntypes": [1], "reward_vouchers": [1], "redeemed_vouchers": [1]}}, {"model": "app01.transaction", "pk": 7, "fields": {"member": 2, "outlet": 1, "reward_points": 5.0, "redeemed_points": 4.0, "ordering_modes": 0, "payment_modes": 1, "pos_no": "0001", "cashier_no": "0001", "receipt_no": "0001", "transact_datetime": "2018-07-07T04:00:00Z", "total_money": 11.0, "remark": null, "campaigns": [1], "campaigntypes": [1], "reward_vouchers": [1], "redeemed_vouchers": [1]}}, {"model": "app01.transaction", "pk": 8, "fields": {"member": 2, "outlet": 1, "reward_points": 5.0, "redeemed_points": 4.0, "ordering_modes": 0, "payment_modes": 1, "pos_no": "0001", "cashier_no": "0001", "receipt_no": "0001", "transact_datetime": "2018-07-19T04:00:00Z", "total_money": 11.0, "remark": null, "campaigns": [2], "campaigntypes": [1], "reward_vouchers": [1], "redeemed_vouchers": [1]}}, {"model": "app01.transaction", "pk": 9, "fields": {"member": 2, "outlet": 2, "reward_points": 5.0, "redeemed_points": 4.0, "ordering_modes": 0, "payment_modes": 1, "pos_no": "0001", "cashier_no": "0001", "receipt_no": "0001", "transact_datetime": "2018-07-19T04:00:00Z", "total_money": 11.0, "remark": null, "campaigns": [1], "campaigntypes": [1], "reward_vouchers": [1], "redeemed_vouchers": [1]}}, {"model": "app01.transactdetails", "pk": 1, "fields": {"transaction": 1, "product": 1, "toppings": 2, "remark": null, "quantity": 2, "price": 11.11, "method": 1, "sweetness": 0, "size": 0, "ice_level": 0, "sugar_level": 0, "concentration": 0}}, {"model": "app01.transactdetails", "pk": 2, "fields": {"transaction": 2, "product": 1, "toppings": 2, "remark": null, "quantity": 2, "price": 11.11, "method": 1, "sweetness": 0, "size": 0, "ice_level": 0, "sugar_level": 0, "concentration": 0}}, {"model": "app01.transactdetails", "pk": 3, "fields": {"transaction": 1, "product": 2, "toppings": 2, "remark": null, "quantity": 2, "price": 11.11, "method": 1, "sweetness": 0, "size": 0, "ice_level": 0, "sugar_level": 0, "concentration": 0}}, {"model": "app01.transactdetails", "pk": 4, "fields": {"transaction": 1, "product": 3, "toppings": 2, "remark": null, "quantity": 2, "price": 11.11, "method": 1, "sweetness": 0, "size": 0, "ice_level": 0, "sugar_level": 0, "concentration": 0}}, {"model": "app01.transactdetails", "pk": 5, "fields": {"transaction": 1, "product": 1, "toppings": 2, "remark": null, "quantity": 2, "price": 11.11, "method": 1, "sweetness": 0, "size": 0, "ice_level": 0, "sugar_level": 0, "concentration": 0}}, {"model": "app01.transactdetails", "pk": 6, "fields": {"transaction": 2, "product": 1, "toppings": 2, "remark": null, "quantity": 2, "price": 11.11, "method": 1, "sweetness": 0, "size": 0, "ice_level": 0, "sugar_level": 0, "concentration": 0}}, {"model": "app01.transactdetails", "pk": 7, "fields": {"transaction": 2, "product": 4, "toppings": 2, "remark": null, "quantity": 2, "price": 11.11, "method": 1, "sweetness": 0, "size": 0, "ice_level": 0, "sugar_level": 0, "concentration": 0}}, {"model": "app01.transactdetails", "pk": 8, "fields": {"transaction": 2, "product": 4, "toppings": 2, "remark": null, "quantity": 2, "price": 22.11, "method": 1, "sweetness": 0, "size": 0, "ice_level": 0, "sugar_level": 0, "concentration": 0}}, {"model": "app01.transactdetails", "pk": 9, "fields": {"transaction": 2, "product": 5, "toppings": 2, "remark": null, "quantity": 2, "price": 33.11, "method": 1, "sweetness": 0, "size": 0, "ice_level": 0, "sugar_level": 0, "concentration": 0}}, {"model": "app01.transactdetails", "pk": 10, "fields": {"transaction": 2, "product": 6, "toppings": 2, "remark": null, "quantity": 2, "price": 44.11, "method": 1, "sweetness": 1, "size": 1, "ice_level": 1, "sugar_level": 1, "concentration": 1}}, {"model": "app01.transactdetails", "pk": 11, "fields": {"transaction": 5, "product": 6, "toppings": 2, "remark": null, "quantity": 2, "price": 44.11, "method": 1, "sweetness": 1, "size": 1, "ice_level": 1, "sugar_level": 1, "concentration": 1}}, {"model": "app01.transactdetails", "pk": 12, "fields": {"transaction": 5, "product": 6, "toppings": 2, "remark": null, "quantity": 2, "price": 44.11, "method": 1, "sweetness": 1, "size": 1, "ice_level": 1, "sugar_level": 1, "concentration": 1}}, {"model": "app01.transactdetails", "pk": 13, "fields": {"transaction": 5, "product": 7, "toppings": 2, "remark": null, "quantity": 2, "price": 55.11, "method": 1, "sweetness": 1, "size": 1, "ice_level": 1, "sugar_level": 1, "concentration": 1}}, {"model": "app01.transactdetails", "pk": 14, "fields": {"transaction": 5, "product": 7, "toppings": 1, "remark": null, "quantity": 2, "price": 55.11, "method": 1, "sweetness": 1, "size": 1, "ice_level": 1, "sugar_level": 1, "concentration": 1}}, {"model": "app01.transactdetails", "pk": 15, "fields": {"transaction": 5, "product": 7, "toppings": 1, "remark": null, "quantity": 2, "price": 55.11, "method": 1, "sweetness": 1, "size": 1, "ice_level": 1, "sugar_level": 1, "concentration": 1}}, {"model": "app01.transactdetails", "pk": 16, "fields": {"transaction": 5, "product": 7, "toppings": 1, "remark": null, "quantity": 2, "price": 55.11, "method": 1, "sweetness": 1, "size": 1, "ice_level": 1, "sugar_level": 1, "concentration": 1}}, {"model": "app01.transactdetails", "pk": 17, "fields": {"transaction": 8, "product": 7, "toppings": 1, "remark": null, "quantity": 2, "price": 55.11, "method": 1, "sweetness": 1, "size": 1, "ice_level": 1, "sugar_level": 1, "concentration": 1}}, {"model": "app01.transactdetails", "pk": 18, "fields": {"transaction": 1, "product": 7, "toppings": 1, "remark": null, "quantity": 2, "price": 55.11, "method": 1, "sweetness": 1, "size": 1, "ice_level": 1, "sugar_level": 1, "concentration": 1}}, {"model": "app01.transactdetails", "pk": 19, "fields": {"transaction": 1, "product": 7, "toppings": 1, "remark": null, "quantity": 10, "price": 55.11, "method": 1, "sweetness": 1, "size": 1, "ice_level": 1, "sugar_level": 1, "concentration": 1}}, {"model": "app01.wallet", "pk": 1, "fields": {"balance": 100.0, "created": "2018-05-31T16:00:00Z", "lastest_top_up": "2018-07-05", "member": 1}}, {"model": "app01.wallet", "pk": 2, "fields": {"balance": 100.0, "created": "2018-05-31T16:00:00Z", "lastest_top_up": "2018-07-06", "member": 2}}, {"model": "app01.wallet", "pk": 3, "fields": {"balance": 0.0, "created": "2018-05-31T16:00:00Z", "lastest_top_up": null, "member": 3}}, {"model": "app01.wallet", "pk": 4, "fields": {"balance": 0.0, "created": "2018-05-31T16:00:00Z", "lastest_top_up": null, "member": 4}}, {"model": "app01.wallet", "pk": 5, "fields": {"balance": 0.0, "created": "2018-07-05T09:21:47.258Z", "lastest_top_up": null, "member": 5}}, {"model": "app01.wallet", "pk": 6, "fields": {"balance": 0.0, "created": "2018-07-05T10:48:48.358Z", "lastest_top_up": null, "member": 6}}, {"model": "app01.wallet", "pk": 7, "fields": {"balance": 0.0, "created": "2018-07-05T10:49:17.694Z", "lastest_top_up": null, "member": 7}}, {"model": "app01.wallet", "pk": 8, "fields": {"balance": 200.0, "created": "2018-07-07T05:46:53.303Z", "lastest_top_up": "2018-07-07", "member": 8}}, {"model": "app01.wallet", "pk": 9, "fields": {"balance": 0.0, "created": "2018-07-07T08:15:19.683Z", "lastest_top_up": null, "member": 9}}, {"model": "app01.wallet", "pk": 10, "fields": {"balance": 0.0, "created": "2018-07-07T08:30:39.242Z", "lastest_top_up": null, "member": 11}}, {"model": "app01.wallet", "pk": 11, "fields": {"balance": 0.0, "created": "2018-07-08T04:37:28.125Z", "lastest_top_up": null, "member": 12}}, {"model": "app01.wallet", "pk": 12, "fields": {"balance": 0.0, "created": "2018-07-09T02:40:59.792Z", "lastest_top_up": null, "member": 13}}, {"model": "app01.wallet", "pk": 13, "fields": {"balance": 0.0, "created": "2018-07-09T10:58:56.775Z", "lastest_top_up": null, "member": 14}}, {"model": "app01.wallet", "pk": 14, "fields": {"balance": 0.0, "created": "2018-07-09T10:59:29.755Z", "lastest_top_up": null, "member": 15}}, {"model": "app01.wallet", "pk": 15, "fields": {"balance": 0.0, "created": "2018-07-10T02:34:48.354Z", "lastest_top_up": null, "member": 10}}, {"model": "app01.wallet", "pk": 16, "fields": {"balance": 0.0, "created": "2018-07-10T11:03:43.853Z", "lastest_top_up": null, "member": 16}}, {"model": "app01.rechargerecord", "pk": 1, "fields": {"money": 100.0, "created": "2018-07-05T09:30:25.795Z", "wallet": 1}}, {"model": "app01.rechargerecord", "pk": 2, "fields": {"money": 100.0, "created": "2018-07-06T08:07:52.189Z", "wallet": 2}}, {"model": "app01.rechargerecord", "pk": 3, "fields": {"money": 100.0, "created": "2018-07-06T08:10:07.644Z", "wallet": 2}}, {"model": "app01.rechargerecord", "pk": 4, "fields": {"money": 100.0, "created": "2018-07-07T05:47:24.762Z", "wallet": 8}}, {"model": "app01.rechargerecord", "pk": 5, "fields": {"money": 100.0, "created": "2018-07-07T05:49:30.796Z", "wallet": 8}}, {"model": "app01.evaluation", "pk": 1, "fields": {"service_content": "nice", "service_satisfaction": 8, "product_quality_content": "good", "product_quality_satisfaction": 8, "created": "2018-07-06T07:24:46.114Z", "transaction": 1}}, {"model": "app01.evaluation", "pk": 2, "fields": {"service_content": "nice", "service_satisfaction": 7, "product_quality_content": "good", "product_quality_satisfaction": 7, "created": "2018-07-06T07:34:57.762Z", "transaction": 2}}, {"model": "app01.evaluation", "pk": 3, "fields": {"service_content": "nice", "service_satisfaction": 6, "product_quality_content": "good", "product_quality_satisfaction": 6, "created": "2018-07-06T07:38:23.075Z", "transaction": 3}}, {"model": "app01.evaluation", "pk": 4, "fields": {"service_content": "nice", "service_satisfaction": 7, "product_quality_content": "good", "product_quality_satisfaction": 7, "created": "2018-07-06T07:39:19.444Z", "transaction": 4}}, {"model": "app01.token", "pk": "11e1a2bcbcc71e59b2770d5827fb104ada626ba4", "fields": {"user": 5, "created": "2018-07-10T02:34:02.758Z"}}, {"model": "app01.token", "pk": "1336161b67b86cf40faa3a86f8cb6b9e32dca5e3", "fields": {"user": 3, "created": "2018-05-31T16:00:00Z"}}, {"model": "app01.token", "pk": "24d78689b7fc97e6721bdc4ea0c6cdd725b2ce87", "fields": {"user": 6, "created": "2018-07-10T02:34:02.770Z"}}, {"model": "app01.token", "pk": "3c9964967d799822b1022b3cbf4eb71889dcc795", "fields": {"user": 9, "created": "2018-07-10T02:34:02.667Z"}}, {"model": "app01.token", "pk": "4993b1aaf6843468c679130c21fd8f8434e818c6", "fields": {"user": 10, "created": "2018-07-10T02:34:02.685Z"}}, {"model": "app01.token", "pk": "62c366bacc6365c035fad818d2a77be51097e95d", "fields": {"user": 2, "created": "2018-05-31T16:00:00Z"}}, {"model": "app01.token", "pk": "6c184f9c121c117a999b8f060c8f154e0af450fd", "fields": {"user": 4, "created": "2018-05-31T16:00:00Z"}}, {"model": "app01.token", "pk": "9172aaade5e40df9fbd7de84dfe423340773d49a", "fields": {"user": 8, "created": "2018-07-10T02:34:02.788Z"}}, {"model": "app01.token", "pk": "a03d19021b55117cdb4bd2b51074f8d9aad6d982", "fields": {"user": 14, "created": "2018-07-10T02:34:02.728Z"}}, {"model": "app01.token", "pk": "b5abf2dca635fe5a6a0b3cad84d819e1f796eb9a", "fields": {"user": 12, "created": "2018-07-10T02:34:02.710Z"}}, {"model": "app01.token", "pk": "c53696067160e320e972ee2f0041d992bffdbc3e", "fields": {"user": 11, "created": "2018-07-10T02:34:02.695Z"}}, {"model": "app01.token", "pk": "ce1ec64a4e5476a7828b3c64f6cf34bb0c86f53c", "fields": {"user": 7, "created": "2018-07-10T02:34:02.779Z"}}, {"model": "app01.token", "pk": "e0189ef86b801a6c166d5fdd3a99533f0d2b75ad", "fields": {"user": 13, "created": "2018-07-10T02:34:02.719Z"}}, {"model": "app01.token", "pk": "e7d675a740d19d0bd62be6ddc116c7cd71020941", "fields": {"user": 15, "created": "2018-07-10T02:34:02.739Z"}}, {"model": "app01.token", "pk": "fa3c5db850ada70422a02e4638984dc08822f010", "fields": {"user": 1, "created": "2018-05-31T16:00:00Z"}}, {"model": "app01.member_campaigntype", "pk": 1, "fields": {"member": 1, "campaign_type": 1, "created": "2018-07-06T07:24:28.039Z"}}, {"model": "app01.member_campaigntype", "pk": 2, "fields": {"member": 1, "campaign_type": 1, "created": "2018-07-06T07:25:22.824Z"}}, {"model": "app01.member_campaigntype", "pk": 3, "fields": {"member": 1, "campaign_type": 1, "created": "2018-07-06T07:37:20.339Z"}}, {"model": "app01.member_campaigntype", "pk": 4, "fields": {"member": 1, "campaign_type": 1, "created": "2018-07-06T07:38:57.516Z"}}, {"model": "app01.member_campaigntype", "pk": 5, "fields": {"member": 2, "campaign_type": 1, "created": "2018-07-06T08:10:07.780Z"}}, {"model": "app01.member_campaigntype", "pk": 6, "fields": {"member": 2, "campaign_type": 1, "created": "2018-07-07T05:15:23.903Z"}}, {"model": "app01.member_campaigntype", "pk": 7, "fields": {"member": 8, "campaign_type": 1, "created": "2018-07-07T05:47:24.783Z"}}, {"model": "app01.member_campaigntype", "pk": 8, "fields": {"member": 8, "campaign_type": 1, "created": "2018-07-07T05:49:30.821Z"}}, {"model": "app01.member_campaigntype", "pk": 9, "fields": {"member": 2, "campaign_type": 1, "created": "2018-07-07T06:57:43.394Z"}}, {"model": "app01.member_campaigntype", "pk": 10, "fields": {"member": 2, "campaign_type": 1, "created": "2018-07-07T12:00:42.321Z"}}, {"model": "app01.member_campaigntype", "pk": 11, "fields": {"member": 2, "campaign_type": 1, "created": "2018-07-07T13:01:25.530Z"}}, {"model": "app01.member_campaigntype", "pk": 12, "fields": {"member": 2, "campaign_type": 1, "created": "2018-07-12T08:50:51.977Z"}}]